id,first_name,last_name,email,gender,ip_address
1,Jilleen,Brugsma,jbrugsma0@japanpost.jp,Female,148.179.230.124
2,Andrus,Boughtwood,aboughtwood1@feedburner.com,Male,2.204.83.218
3,Ashlen,Mularkey,amularkey2@altervista.org,Female,18.146.148.49
4,Christyna,Tommeo,ctommeo3@elpais.com,Female,9.247.133.46
5,Scotti,Coughtrey,scoughtrey4@forbes.com,Male,3.123.116.8
6,Gino,Spera,gspera5@flavors.me,Male,217.145.84.124
7,Josias,Jakoub,jjakoub6@tumblr.com,Male,214.15.67.4
8,Jordon,Glide,jglide7@dmoz.org,Male,198.230.165.12
9,Lexy,Tubby,ltubby8@cbc.ca,Female,50.176.54.211
10,Warde,Cantos,wcantos9@dagondesign.com,Male,168.137.58.217
11,Dinny,Mort,dmorta@dmoz.org,Female,255.103.160.24
12,Josi,Celes,jcelesb@princeton.edu,Female,19.131.215.44
13,Derrek,Piercy,dpiercyc@1688.com,Male,8.173.152.116
14,Blinny,Hitzke,bhitzked@alexa.com,Female,7.75.217.148
15,Jasun,Very,jverye@sun.com,Polygender,129.147.116.118
16,Laney,Laycock,llaycockf@reverbnation.com,Genderqueer,50.105.40.66
17,Elna,Dray,edrayg@mapquest.com,Female,112.71.14.127
18,Lindie,McCart,lmccarth@wikimedia.org,Female,90.86.231.64
19,Ruth,Plumley,rplumleyi@time.com,Female,183.210.222.238
20,Chancey,Chippin,cchippinj@reddit.com,Male,6.158.231.98
21,Margery,Loffhead,mloffheadk@thetimes.co.uk,Female,17.14.102.80
22,Caleb,Rennocks,crennocksl@multiply.com,Male,227.104.3.104
23,Pernell,McPake,pmcpakem@com.com,Male,38.13.181.201
24,Violet,Hitscher,vhitschern@bravesites.com,Female,95.253.145.204
25,Angela,Cormack,acormacko@sphinn.com,Female,193.121.69.131
26,Silvain,Cullin,scullinp@mapy.cz,Male,236.248.167.43
27,Clarissa,Soane,csoaneq@canalblog.com,Female,185.111.195.190
28,Jan,Lardeur,jlardeurr@infoseek.co.jp,Female,161.248.77.38
29,Renae,Fittis,rfittiss@miitbeian.gov.cn,Female,224.111.191.45
30,Ikey,Desaur,idesaurt@answers.com,Male,153.128.68.173
31,Ulla,Gurney,ugurneyu@princeton.edu,Female,165.74.170.102
32,Starr,Davinet,sdavinetv@pen.io,Female,31.138.162.6
33,Sutton,Baumaier,sbaumaierw@drupal.org,Male,24.117.96.210
34,Lauree,Micah,lmicahx@com.com,Female,113.216.242.43
35,Tish,Amy,tamyy@ibm.com,Female,42.100.116.25
36,Merwin,Kedwell,mkedwellz@geocities.com,Male,45.137.169.5
37,Myrlene,Chisholm,mchisholm10@facebook.com,Female,60.229.36.63
38,Dacie,Weyland,dweyland11@addthis.com,Female,207.10.47.39
39,Boony,Biesterfeld,bbiesterfeld12@canalblog.com,Male,96.81.79.100
40,William,Codrington,wcodrington13@usda.gov,Male,5.162.202.255
41,Jennilee,Pear,jpear14@istockphoto.com,Female,79.25.161.89
42,Cami,Doneld,cdoneld15@ustream.tv,Female,58.215.251.138
43,Loria,Petrelli,lpetrelli16@sina.com.cn,Female,102.32.138.61
44,Roxanne,Bienvenu,rbienvenu17@arizona.edu,Female,124.191.200.169
45,Dick,Vogl,dvogl18@about.me,Male,196.250.172.189
46,Aldis,Merrick,amerrick19@shinystat.com,Male,219.223.12.34
47,Horton,Zeal,hzeal1a@redcross.org,Male,29.130.115.77
48,Benita,Bellocht,bbellocht1b@canalblog.com,Female,79.75.36.194
49,Rancell,Caherny,rcaherny1c@zdnet.com,Male,88.246.215.16
50,Errol,Sweeney,esweeney1d@seattletimes.com,Male,236.87.239.63
51,Amie,Nassau,anassau1e@fc2.com,Female,129.122.187.120
52,Georgiana,Prandini,gprandini1f@geocities.com,Female,140.213.170.190
53,Armand,Brokenbrow,abrokenbrow1g@earthlink.net,Male,91.45.101.65
54,Rolph,Bettley,rbettley1h@ft.com,Male,32.29.198.231
55,Sonny,Stener,sstener1i@phpbb.com,Female,58.225.232.156
56,Gage,Heinlein,gheinlein1j@photobucket.com,Male,101.165.88.214
57,Julianna,Goulthorp,jgoulthorp1k@gravatar.com,Female,78.237.25.15
58,Farleigh,Chicotti,fchicotti1l@addtoany.com,Genderfluid,174.130.149.132
59,Dominik,Catchpole,dcatchpole1m@mapquest.com,Male,245.59.94.154
60,Fransisco,Fowgies,ffowgies1n@tinyurl.com,Male,45.146.94.170
61,Daphne,Chamberlayne,dchamberlayne1o@geocities.com,Female,245.46.4.162
62,Elene,Ponsford,eponsford1p@go.com,Female,5.210.111.204
63,Jeanna,Tremain,jtremain1q@ow.ly,Female,191.173.226.57
64,Yule,Risbie,yrisbie1r@mozilla.com,Male,182.69.193.46
65,Lynnette,Stallworth,lstallworth1s@alibaba.com,Female,203.13.162.249
66,Justine,Davidy,jdavidy1t@jimdo.com,Female,67.105.105.190
67,Melania,Winborn,mwinborn1u@stanford.edu,Female,42.78.100.37
68,Puff,Warrilow,pwarrilow1v@angelfire.com,Male,55.79.68.21
69,Cheslie,McAndrew,cmcandrew1w@wp.com,Female,89.206.71.101
70,Randee,Basek,rbasek1x@cbslocal.com,Female,143.153.175.177
71,Tiphany,Zumbusch,tzumbusch1y@csmonitor.com,Female,6.103.35.116
72,Jannel,Abrahamoff,jabrahamoff1z@diigo.com,Female,221.103.106.166
73,Ram,Streets,rstreets20@google.ca,Male,28.222.134.73
74,Phip,Gilfoy,pgilfoy21@msu.edu,Male,80.244.46.207
75,Hube,Trewhela,htrewhela22@blogspot.com,Male,34.172.155.3
76,Randy,Dyshart,rdyshart23@hp.com,Polygender,142.48.48.119
77,Idette,Hastie,ihastie24@issuu.com,Polygender,219.142.163.227
78,Arda,Alessandrelli,aalessandrelli25@gnu.org,Female,217.251.14.14
79,Curtis,O'Keaveny,cokeaveny26@studiopress.com,Male,32.37.74.218
80,Gwendolin,Mockes,gmockes27@devhub.com,Female,9.83.93.173
81,Sergio,Edmans,sedmans28@apple.com,Male,68.121.65.136
82,Cristen,Yanshonok,cyanshonok29@npr.org,Female,145.173.225.41
83,Regine,Lindop,rlindop2a@netvibes.com,Female,33.254.75.216
84,Tabbi,Meekings,tmeekings2b@homestead.com,Female,219.230.216.201
85,Prudi,Sonnenschein,psonnenschein2c@wikia.com,Female,11.205.233.157
86,Henrieta,Perel,hperel2d@state.tx.us,Female,247.159.124.235
87,Adelaida,Doddemeade,adoddemeade2e@aol.com,Female,232.48.20.242
88,Mortimer,Taleworth,mtaleworth2f@google.de,Male,242.213.88.163
89,Damaris,Aukland,daukland2g@engadget.com,Female,227.241.241.217
90,Chauncey,Verner,cverner2h@behance.net,Male,94.156.249.160
91,Jedediah,Lumpkin,jlumpkin2i@diigo.com,Male,109.164.132.11
92,Dorris,Arondel,darondel2j@spiegel.de,Female,128.244.173.61
93,Norman,Robertacci,nrobertacci2k@so-net.ne.jp,Male,231.253.235.136
94,Donnie,Brusin,dbrusin2l@marriott.com,Male,94.60.24.21
95,Graham,Dressel,gdressel2m@yahoo.com,Male,110.235.252.218
96,Gerrilee,Bidgood,gbidgood2n@chronoengine.com,Female,151.104.151.142
97,Candice,O' Driscoll,codriscoll2o@umich.edu,Female,180.68.163.106
98,Palm,Sirl,psirl2p@rediff.com,Male,210.154.143.75
99,Katusha,Bisacre,kbisacre2q@hubpages.com,Female,2.80.44.54
100,Adella,Okill,aokill2r@ted.com,Female,94.43.123.32
101,Yevette,Gavrielli,ygavrielli2s@amazon.com,Female,82.70.81.135
102,Harald,Wickardt,hwickardt2t@bbb.org,Male,88.12.254.228
103,Denver,Baldack,dbaldack2u@europa.eu,Male,47.38.114.145
104,Lezley,Batisse,lbatisse2v@hatena.ne.jp,Male,126.156.242.221
105,Skippy,O'Reilly,soreilly2w@desdev.cn,Male,201.253.69.211
106,Zacharie,Vasilechko,zvasilechko2x@earthlink.net,Male,81.214.166.196
107,Vyky,Burrill,vburrill2y@newsvine.com,Female,246.147.45.141
108,Raychel,Stroyan,rstroyan2z@lulu.com,Female,178.143.169.120
109,Dick,Kewish,dkewish30@storify.com,Male,215.231.95.33
110,Marshall,Dymocke,mdymocke31@tuttocitta.it,Male,127.1.38.108
111,Chaddie,Slater,cslater32@alibaba.com,Bigender,188.191.80.216
112,Gaultiero,Mitchall,gmitchall33@cmu.edu,Male,92.189.136.161
113,Travis,Safhill,tsafhill34@ustream.tv,Male,102.102.219.3
114,Ardeen,Marty,amarty35@webmd.com,Female,86.39.132.137
115,Nathaniel,Duffrie,nduffrie36@pinterest.com,Non-binary,46.108.64.168
116,Roldan,Greg,rgreg37@prlog.org,Male,206.0.86.165
117,Devan,Bewshaw,dbewshaw38@phpbb.com,Female,234.181.36.216
118,Temp,Rowet,trowet39@hugedomains.com,Male,114.214.254.79
119,Heath,Driver,hdriver3a@ca.gov,Female,9.13.14.137
120,Jean,Bockman,jbockman3b@51.la,Polygender,114.46.171.75
121,Riley,Hatherell,rhatherell3c@wunderground.com,Male,130.232.97.185
122,Asa,Haylor,ahaylor3d@nyu.edu,Male,156.44.63.171
123,Babette,Dufer,bdufer3e@webnode.com,Female,51.150.76.33
124,Sim,Brunesco,sbrunesco3f@jigsy.com,Male,243.201.158.104
125,Erastus,Eddison,eeddison3g@thetimes.co.uk,Male,236.218.136.40
126,Jeri,Haydon,jhaydon3h@archive.org,Female,143.160.84.139
127,Chauncey,Carrell,ccarrell3i@economist.com,Male,23.157.248.217
128,Max,Wellum,mwellum3j@businessinsider.com,Female,246.219.85.238
129,Rhianon,Norfolk,rnorfolk3k@redcross.org,Female,151.206.229.117
130,Alvy,Feighry,afeighry3l@google.de,Male,37.183.167.103
131,Edi,Sazio,esazio3m@ameblo.jp,Female,120.206.62.47
132,Roy,Heiss,rheiss3n@noaa.gov,Male,49.154.120.225
133,Steffi,Bartlet,sbartlet3o@patch.com,Female,117.40.247.46
134,Devin,Markushkin,dmarkushkin3p@globo.com,Male,48.192.211.74
135,Evin,Willetts,ewilletts3q@oaic.gov.au,Male,135.240.17.173
136,Justus,Canadine,jcanadine3r@geocities.com,Male,75.70.226.77
137,Ellyn,Halbard,ehalbard3s@goo.gl,Female,133.36.201.196
138,Casandra,Worrell,cworrell3t@ezinearticles.com,Female,225.66.41.31
139,Jena,Dummer,jdummer3u@moonfruit.com,Female,122.239.173.92
140,Harbert,Ebbles,hebbles3v@deliciousdays.com,Male,37.89.162.106
141,April,Ansill,aansill3w@hc360.com,Female,172.58.79.228
142,Kennett,Whorlton,kwhorlton3x@cpanel.net,Male,143.94.58.5
143,Rhianon,Sorby,rsorby3y@google.de,Female,197.252.242.221
144,Reube,Arbuckel,rarbuckel3z@icq.com,Male,79.58.99.63
145,Bobina,MacNair,bmacnair40@devhub.com,Female,195.75.31.244
146,Morgan,Ollerton,mollerton41@reverbnation.com,Female,113.240.141.51
147,Freemon,Mangam,fmangam42@un.org,Non-binary,175.31.174.23
148,Kile,Montilla,kmontilla43@exblog.jp,Male,174.56.215.159
149,Elliot,Prahl,eprahl44@canalblog.com,Male,98.205.103.232
150,Don,Clout,dclout45@wordpress.com,Male,44.44.197.232
151,Dru,Lashley,dlashley46@marriott.com,Male,235.29.244.192
152,Kendell,Ianniello,kianniello47@symantec.com,Male,172.59.55.180
153,Royce,Gueny,rgueny48@bbc.co.uk,Male,185.181.253.193
154,Mallory,Adolf,madolf49@youku.com,Male,77.70.200.9
155,Leora,Gillitt,lgillitt4a@chron.com,Female,24.176.192.17
156,Caryl,Bursnell,cbursnell4b@bluehost.com,Male,191.233.36.238
157,Charla,Trott,ctrott4c@cargocollective.com,Female,202.108.99.147
158,Rosa,Pochin,rpochin4d@odnoklassniki.ru,Female,131.54.196.85
159,Hall,Marsland,hmarsland4e@free.fr,Male,38.55.52.219
160,Brandon,Botler,bbotler4f@furl.net,Male,105.154.228.229
161,Betta,Salerg,bsalerg4g@bbb.org,Female,87.245.242.3
162,Maximilian,Raeburn,mraeburn4h@1688.com,Non-binary,85.182.93.160
163,Sebastiano,Raggles,sraggles4i@booking.com,Male,192.248.2.108
164,Patty,Crowd,pcrowd4j@eepurl.com,Female,142.229.11.125
165,Anthia,Perrot,aperrot4k@statcounter.com,Female,124.189.10.51
166,Dukey,Speeding,dspeeding4l@typepad.com,Male,93.115.208.177
167,Naoma,Ansett,nansett4m@quantcast.com,Female,184.79.135.34
168,Bebe,Beddis,bbeddis4n@rambler.ru,Female,226.31.161.49
169,Vera,Treagust,vtreagust4o@google.com.br,Genderfluid,22.236.166.213
170,Linnet,Skewis,lskewis4p@scientificamerican.com,Female,34.22.4.203
171,Tuesday,Dyhouse,tdyhouse4q@sfgate.com,Female,209.49.225.241
172,Rossy,Detheridge,rdetheridge4r@kickstarter.com,Male,124.129.21.255
173,Hanna,McArthur,hmcarthur4s@tinyurl.com,Female,157.241.22.129
174,Jean,Godmer,jgodmer4t@eventbrite.com,Male,3.244.135.62
175,Zebulon,Southerton,zsoutherton4u@ovh.net,Male,120.181.100.43
176,Ange,Paffitt,apaffitt4v@skype.com,Female,15.184.113.79
177,Stanwood,Rowcastle,srowcastle4w@nps.gov,Male,236.142.94.30
178,Quintin,Meiklejohn,qmeiklejohn4x@nps.gov,Male,243.217.253.140
179,Oren,Semeniuk,osemeniuk4y@storify.com,Male,189.215.131.55
180,Gabriella,Hars,ghars4z@seesaa.net,Female,50.68.213.156
181,Norbert,Frohock,nfrohock50@slate.com,Male,248.231.123.252
182,Stace,Bleasby,sbleasby51@indiatimes.com,Female,164.68.220.87
183,Margeaux,Petzold,mpetzold52@globo.com,Female,212.8.252.62
184,Evangeline,Humphries,ehumphries53@microsoft.com,Female,212.112.178.95
185,Cad,Revan,crevan54@cargocollective.com,Male,79.56.137.230
186,Ingeborg,Dumphreys,idumphreys55@washington.edu,Female,181.60.170.253
187,Dita,Edinborough,dedinborough56@jimdo.com,Female,140.249.35.40
188,Addy,Bonar,abonar57@barnesandnoble.com,Polygender,47.129.133.31
189,Valera,Savaage,vsavaage58@foxnews.com,Female,157.26.152.45
190,Ebonee,Villa,evilla59@comsenz.com,Female,162.229.230.167
191,Constantine,Rodgerson,crodgerson5a@boston.com,Female,249.85.25.187
192,Amy,Soanes,asoanes5b@facebook.com,Female,36.175.115.77
193,Adelbert,Eddleston,aeddleston5c@amazonaws.com,Male,158.247.64.34
194,Gard,Gownge,ggownge5d@slate.com,Male,168.177.253.0
195,Trudey,Isherwood,tisherwood5e@ucsd.edu,Female,155.104.247.231
196,Darya,Dominka,ddominka5f@alibaba.com,Female,15.81.85.4
197,Shaylyn,Hillatt,shillatt5g@apache.org,Female,51.181.156.212
198,Gabe,Ousley,gousley5h@pbs.org,Male,11.104.190.156
199,Concettina,Gayler,cgayler5i@virginia.edu,Female,238.164.42.159
200,Reina,Croyser,rcroyser5j@wsj.com,Female,244.65.116.178
201,Allys,Decroix,adecroix5k@tiny.cc,Female,198.41.201.135
202,Gale,Halgarth,ghalgarth5l@sciencedaily.com,Male,221.139.11.115
203,Yankee,Vedyashkin,yvedyashkin5m@weebly.com,Male,97.214.139.125
204,Gusta,Towersey,gtowersey5n@ask.com,Female,41.78.5.93
205,Tracey,Boyall,tboyall5o@wix.com,Male,219.227.134.45
206,Othilia,Foden,ofoden5p@hao123.com,Female,91.169.237.102
207,Merci,Biagini,mbiagini5q@ow.ly,Female,34.39.11.154
208,Red,Brightey,rbrightey5r@upenn.edu,Male,116.177.109.21
209,Beauregard,Vick,bvick5s@parallels.com,Male,254.11.158.238
210,Vally,Peakman,vpeakman5t@accuweather.com,Female,173.125.36.97
211,Nicolea,Chaplin,nchaplin5u@boston.com,Female,102.162.53.63
212,Gottfried,Constant,gconstant5v@walmart.com,Male,173.230.245.118
213,Phillip,Goudard,pgoudard5w@slashdot.org,Male,33.254.227.90
214,Janie,Rowbotham,jrowbotham5x@walmart.com,Female,146.143.11.112
215,Kaja,Bayston,kbayston5y@usa.gov,Female,46.239.184.181
216,Sula,Carillo,scarillo5z@elpais.com,Female,208.112.69.79
217,Alfonse,Audenis,aaudenis60@mtv.com,Male,0.223.99.196
218,Ritchie,Roddan,rroddan61@nba.com,Male,181.70.171.22
219,Skipton,Sooley,ssooley62@youku.com,Male,207.253.179.8
220,Dale,Cowle,dcowle63@issuu.com,Male,198.201.18.169
221,Timmy,Oxx,toxx64@yellowbook.com,Female,45.13.128.30
222,Ingemar,Kettoe,ikettoe65@eepurl.com,Male,145.237.6.168
223,Kerrill,MacLaren,kmaclaren66@vinaora.com,Female,185.236.94.173
224,Aubrette,Dobbings,adobbings67@independent.co.uk,Bigender,141.41.73.218
225,Stewart,Trammel,strammel68@github.com,Genderfluid,204.91.34.58
226,Petey,Towne,ptowne69@craigslist.org,Male,98.135.78.172
227,Ranique,Blakeston,rblakeston6a@digg.com,Female,201.248.84.240
228,Howey,Silcocks,hsilcocks6b@ucoz.ru,Male,162.210.105.105
229,Wait,Popescu,wpopescu6c@cnn.com,Male,167.226.11.28
230,Moshe,Mongeot,mmongeot6d@intel.com,Male,195.20.0.194
231,Datha,Leithgoe,dleithgoe6e@paypal.com,Female,217.240.110.109
232,Brok,Lamort,blamort6f@cornell.edu,Male,82.233.181.248
233,Orland,Gudgen,ogudgen6g@netvibes.com,Male,89.161.34.231
234,Elden,Keeltagh,ekeeltagh6h@mozilla.com,Male,239.252.128.19
235,Carlyle,Wyss,cwyss6i@yandex.ru,Male,156.38.231.103
236,Carolina,Ygo,cygo6j@over-blog.com,Female,134.153.176.235
237,Arman,Ficken,aficken6k@plala.or.jp,Male,185.16.133.19
238,Dyane,Wrotchford,dwrotchford6l@ucoz.ru,Female,64.177.188.193
239,Vittoria,Corradeschi,vcorradeschi6m@github.com,Female,48.159.82.49
240,Philippa,Shallcrass,pshallcrass6n@auda.org.au,Female,23.102.130.29
241,Henka,McGrayle,hmcgrayle6o@hhs.gov,Female,142.223.81.145
242,Quill,Reinbach,qreinbach6p@dropbox.com,Male,7.83.145.42
243,Jock,Stockford,jstockford6q@sogou.com,Male,3.96.238.143
244,Samaria,Gutowski,sgutowski6r@craigslist.org,Female,237.189.227.217
245,Lane,Clemendet,lclemendet6s@de.vu,Female,114.170.130.250
246,Midge,Colbron,mcolbron6t@theguardian.com,Female,5.242.236.27
247,Armin,Humbatch,ahumbatch6u@webeden.co.uk,Male,72.179.54.50
248,Maribelle,Bowart,mbowart6v@gnu.org,Female,172.20.98.179
249,Remington,Yielding,ryielding6w@geocities.com,Male,67.35.239.198
250,Sashenka,Tennison,stennison6x@opensource.org,Female,216.144.202.27
251,Glynnis,Kitchin,gkitchin6y@cbsnews.com,Female,167.80.44.80
252,Ettore,Daughtry,edaughtry6z@123-reg.co.uk,Male,128.65.169.250
253,Gleda,Luetkemeyer,gluetkemeyer70@reuters.com,Female,136.160.236.245
254,Francine,Farndale,ffarndale71@scientificamerican.com,Female,101.23.236.61
255,Roze,Coldridge,rcoldridge72@va.gov,Female,218.58.197.198
256,Camille,Kerss,ckerss73@chicagotribune.com,Female,85.183.106.171
257,Celestina,Rushbury,crushbury74@foxnews.com,Female,11.16.164.25
258,Grant,Althorp,galthorp75@deliciousdays.com,Male,247.5.148.86
259,Berton,Itzkov,bitzkov76@ca.gov,Male,136.78.213.59
260,Silas,Collaton,scollaton77@bizjournals.com,Male,3.113.180.125
261,Maynard,MacNeilage,mmacneilage78@auda.org.au,Male,245.57.92.36
262,Toddy,Sudddard,tsudddard79@printfriendly.com,Genderfluid,156.121.12.139
263,Lamont,Rasher,lrasher7a@icq.com,Male,102.251.21.94
264,Beauregard,Lassey,blassey7b@facebook.com,Male,60.19.53.166
265,Elsa,Worner,eworner7c@comsenz.com,Female,106.245.28.188
266,Gladys,Risdale,grisdale7d@webnode.com,Female,201.62.40.181
267,Deeann,Dartnall,ddartnall7e@tumblr.com,Female,238.150.245.124
268,Sharyl,Beumant,sbeumant7f@microsoft.com,Female,247.239.76.129
269,Arin,Hadny,ahadny7g@mail.ru,Male,103.19.214.212
270,Juieta,Dollman,jdollman7h@bloglovin.com,Female,90.50.1.238
271,Robers,Stanworth,rstanworth7i@bloglines.com,Male,196.180.73.206
272,Lenore,Stuffins,lstuffins7j@fema.gov,Female,199.216.46.240
273,Tersina,Cissen,tcissen7k@thetimes.co.uk,Genderfluid,27.14.147.184
274,Ainsley,Parlour,aparlour7l@ow.ly,Female,184.244.240.75
275,Piper,Trenear,ptrenear7m@apache.org,Female,205.66.87.136
276,Rupert,Blessed,rblessed7n@google.com.au,Male,224.157.162.132
277,Gerry,Issit,gissit7o@timesonline.co.uk,Male,14.75.251.114
278,Barbaraanne,Santus,bsantus7p@tiny.cc,Genderqueer,113.115.154.44
279,Malanie,Moncreiff,mmoncreiff7q@wiley.com,Female,58.64.8.102
280,Dino,Havile,dhavile7r@mac.com,Male,139.17.198.141
281,Thorndike,Ingraham,tingraham7s@yolasite.com,Male,65.201.175.227
282,Lorianna,O'Hoolahan,lohoolahan7t@yelp.com,Female,110.254.56.42
283,Vikki,Cosin,vcosin7u@elegantthemes.com,Female,136.207.200.154
284,Rennie,Turbefield,rturbefield7v@mashable.com,Female,174.15.168.106
285,Lusa,Wisson,lwisson7w@ft.com,Agender,109.139.18.249
286,Myrilla,Mould,mmould7x@prlog.org,Female,184.148.41.126
287,Clarabelle,Splevings,csplevings7y@techcrunch.com,Female,126.79.189.171
288,Brant,Mettetal,bmettetal7z@dion.ne.jp,Male,97.137.68.166
289,Izabel,Instrell,iinstrell80@howstuffworks.com,Female,32.73.165.255
290,Ray,MacAughtrie,rmacaughtrie81@amazon.de,Male,236.23.63.228
291,Thurston,Djakovic,tdjakovic82@taobao.com,Genderqueer,140.243.79.183
292,Tonie,Gray,tgray83@mtv.com,Female,98.195.209.82
293,Alvin,Trickett,atrickett84@telegraph.co.uk,Male,204.88.27.38
294,Kevan,Staddon,kstaddon85@cmu.edu,Agender,133.111.29.153
295,Evania,Yorath,eyorath86@seattletimes.com,Female,239.69.228.159
296,Rand,Ambrosoli,rambrosoli87@goodreads.com,Male,252.252.200.218
297,Floris,Venus,fvenus88@hhs.gov,Female,245.131.109.193
298,Alphonso,Finlan,afinlan89@ning.com,Male,97.179.149.98
299,Miran,Gurnell,mgurnell8a@stumbleupon.com,Female,236.134.201.147
300,Meridith,Bengtsson,mbengtsson8b@cargocollective.com,Female,218.40.203.140
301,Maris,Abbitt,mabbitt8c@nasa.gov,Female,239.37.199.123
302,Jose,Bichener,jbichener8d@baidu.com,Male,52.1.248.44
303,Harman,Mitro,hmitro8e@nydailynews.com,Male,182.212.230.16
304,Gaston,Guard,gguard8f@vinaora.com,Male,228.59.252.144
305,Tristam,Purchon,tpurchon8g@yale.edu,Male,13.152.183.106
306,Eleen,Rogger,erogger8h@house.gov,Polygender,92.161.4.21
307,Kelli,Deboo,kdeboo8i@sbwire.com,Female,38.188.54.31
308,Talbot,Paffley,tpaffley8j@facebook.com,Male,243.127.127.11
309,Sibyl,Fife,sfife8k@aboutads.info,Male,201.211.139.204
310,Maxy,Challoner,mchalloner8l@deviantart.com,Female,16.32.140.37
311,Sherry,Egarr,segarr8m@msn.com,Female,33.1.34.200
312,Raye,Askew,raskew8n@sogou.com,Female,135.36.121.213
313,Orelie,Hobben,ohobben8o@vk.com,Female,85.70.178.124
314,Bond,Jekel,bjekel8p@indiegogo.com,Male,14.135.8.34
315,Meade,Paddingdon,mpaddingdon8q@cmu.edu,Female,109.164.105.83
316,Adina,Stuehmeier,astuehmeier8r@deviantart.com,Female,252.243.67.88
317,Oberon,Dybell,odybell8s@zimbio.com,Male,144.191.199.226
318,Haskell,Scarman,hscarman8t@bloglovin.com,Male,87.101.198.19
319,Cherey,Grimoldby,cgrimoldby8u@ow.ly,Female,23.226.22.163
320,Hallsy,Bettley,hbettley8v@dell.com,Male,183.29.241.253
321,Trude,Bernasek,tbernasek8w@blogger.com,Female,76.6.71.110
322,Edouard,Jesson,ejesson8x@howstuffworks.com,Male,64.205.3.59
323,Meredeth,Seeley,mseeley8y@sakura.ne.jp,Male,136.3.197.34
324,Ruthy,Leeder,rleeder8z@phpbb.com,Female,193.225.120.210
325,Lezlie,Lauritsen,llauritsen90@sohu.com,Female,175.92.12.247
326,Annecorinne,Enevoldsen,aenevoldsen91@123-reg.co.uk,Female,53.24.175.244
327,Denys,Boules,dboules92@tumblr.com,Male,98.115.129.110
328,Felicio,Condon,fcondon93@furl.net,Male,219.64.245.68
329,Shelley,Larmor,slarmor94@csmonitor.com,Male,89.1.111.102
330,Gayel,Pedden,gpedden95@bing.com,Bigender,166.187.32.203
331,Penny,Alexandrou,palexandrou96@google.co.uk,Female,190.233.97.10
332,Tate,Craik,tcraik97@ezinearticles.com,Female,21.191.74.178
333,Beatrix,Laxton,blaxton98@joomla.org,Female,79.218.51.134
334,King,McSharry,kmcsharry99@ovh.net,Male,70.216.89.85
335,Barbra,Cahalan,bcahalan9a@sun.com,Female,96.12.77.80
336,Gaile,Henningham,ghenningham9b@netvibes.com,Genderqueer,106.181.253.17
337,Xavier,Bustin,xbustin9c@hibu.com,Male,84.147.103.53
338,Garner,Lobley,globley9d@xrea.com,Male,211.191.40.179
339,Verna,Lintott,vlintott9e@sitemeter.com,Agender,107.181.200.60
340,Kimbell,Timmis,ktimmis9f@npr.org,Male,239.73.161.97
341,Haslett,Moy,hmoy9g@imdb.com,Male,141.246.107.178
342,Sileas,Shimwall,sshimwall9h@abc.net.au,Female,97.116.4.152
343,Bren,Ambrogioli,bambrogioli9i@arizona.edu,Female,239.253.149.138
344,Pat,Remon,premon9j@tinyurl.com,Male,211.185.230.45
345,Joycelin,Stut,jstut9k@miibeian.gov.cn,Female,152.16.76.71
346,Vaughn,Kenworthey,vkenworthey9l@opera.com,Male,176.75.151.181
347,Abey,Wornum,awornum9m@merriam-webster.com,Male,33.188.178.65
348,Diena,Vardon,dvardon9n@pinterest.com,Female,101.38.123.250
349,Nerte,Coutts,ncoutts9o@theguardian.com,Female,89.212.11.219
350,Stesha,Jeffers,sjeffers9p@yellowbook.com,Female,247.132.89.46
351,Joscelin,Jorat,jjorat9q@cocolog-nifty.com,Female,205.192.156.11
352,Cullin,Hammond,chammond9r@ted.com,Male,201.158.98.211
353,Llywellyn,Gately,lgately9s@linkedin.com,Male,185.58.147.52
354,Rance,Morrissey,rmorrissey9t@skyrock.com,Male,61.4.90.71
355,Billy,Ryle,bryle9u@jugem.jp,Male,7.188.255.107
356,Arv,Kenelin,akenelin9v@nyu.edu,Male,154.161.148.1
357,Charline,Hambleton,chambleton9w@odnoklassniki.ru,Female,125.126.11.91
358,Lucy,Pentlow,lpentlow9x@princeton.edu,Female,163.95.27.61
359,Ginnie,Reddington,greddington9y@usgs.gov,Non-binary,233.130.251.73
360,Camile,Nannetti,cnannetti9z@pbs.org,Female,102.12.149.212
361,Sim,Keefe,skeefea0@gravatar.com,Male,220.149.27.55
362,Corney,Lodovichi,clodovichia1@ted.com,Male,147.185.9.197
363,Sella,Demare,sdemarea2@tumblr.com,Female,209.96.34.218
364,Cordell,Ulyet,culyeta3@senate.gov,Male,47.80.236.69
365,Griff,Sear,gseara4@examiner.com,Male,105.33.5.40
366,Niels,Silvers,nsilversa5@skype.com,Polygender,74.240.116.195
367,Phil,Attack,pattacka6@mail.ru,Male,162.29.78.78
368,Otis,Emtage,oemtagea7@joomla.org,Male,1.3.55.86
369,Aeriel,O'Bradden,aobraddena8@purevolume.com,Female,223.126.14.34
370,Averell,Radden,araddena9@acquirethisname.com,Bigender,11.165.98.73
371,Eldon,Martyntsev,emartyntsevaa@tripod.com,Male,20.37.218.129
372,Ario,McMurraya,amcmurrayaab@washington.edu,Male,180.105.234.199
373,Gunter,Stock,gstockac@amazon.de,Male,115.89.229.9
374,Andy,Mattingson,amattingsonad@irs.gov,Male,58.240.93.112
375,Julio,Kitchenham,jkitchenhamae@mail.ru,Male,18.110.211.224
376,Rabbi,Steabler,rsteableraf@storify.com,Male,83.64.246.154
377,Gabi,Malinson,gmalinsonag@xing.com,Female,161.22.171.183
378,Finn,Hof,fhofah@free.fr,Male,3.211.150.142
379,Cosetta,Woolway,cwoolwayai@amazon.co.jp,Female,183.25.224.213
380,Ulrika,Jackling,ujacklingaj@illinois.edu,Female,157.125.246.65
381,Joceline,Derill,jderillak@live.com,Female,245.59.208.119
382,Ives,Rushworth,irushworthal@technorati.com,Male,158.135.121.27
383,Lorne,Garratty,lgarrattyam@studiopress.com,Female,246.174.211.215
384,Nessa,Booley,nbooleyan@fc2.com,Female,111.150.216.150
385,Beulah,Harkus,bharkusao@ovh.net,Female,78.23.141.136
386,Clemmie,Hlavac,chlavacap@bloglovin.com,Female,175.130.125.45
387,Fey,Jeppe,fjeppeaq@redcross.org,Female,73.130.215.183
388,Leodora,Woakes,lwoakesar@miibeian.gov.cn,Female,57.46.160.124
389,Isidore,Louch,ilouchas@ezinearticles.com,Male,110.43.165.37
390,Felice,Terbeek,fterbeekat@wordpress.com,Male,28.211.83.89
391,Tiffanie,Ewers,tewersau@berkeley.edu,Female,235.45.255.97
392,Krissy,Grundle,kgrundleav@bbc.co.uk,Genderqueer,249.131.19.225
393,Marion,Albert,malbertaw@wunderground.com,Female,170.174.58.3
394,Niall,Ellul,nellulax@seesaa.net,Male,209.108.45.6
395,Valry,Crowley,vcrowleyay@ox.ac.uk,Female,41.131.136.82
396,Madonna,Vasilyevski,mvasilyevskiaz@marriott.com,Female,62.33.95.157
397,Kelsy,Cristofano,kcristofanob0@phpbb.com,Female,13.160.192.234
398,Ephrem,Ateridge,eateridgeb1@yolasite.com,Male,89.182.216.112
399,Abagael,Jackling,ajacklingb2@hhs.gov,Female,149.228.32.56
400,Adelina,Tumini,atuminib3@ycombinator.com,Female,40.35.228.62
401,Ferne,Scarlett,fscarlettb4@behance.net,Female,245.184.164.53
402,Shelton,Donan,sdonanb5@quantcast.com,Male,109.65.163.222
403,Georgie,Scarse,gscarseb6@state.gov,Male,169.69.224.102
404,Maxwell,Sainsbury-Brown,msainsburybrownb7@ucoz.com,Male,116.193.185.255
405,Jaymie,Ledingham,jledinghamb8@ft.com,Male,222.107.163.91
406,Robbert,Colebourne,rcolebourneb9@epa.gov,Male,148.244.157.44
407,Granville,Gauvain,ggauvainba@netscape.com,Male,88.161.66.115
408,Willey,MacCartair,wmaccartairbb@netlog.com,Agender,59.121.241.134
409,Richard,Duckworth,rduckworthbc@exblog.jp,Genderfluid,230.101.59.105
410,Tessa,Petrasso,tpetrassobd@telegraph.co.uk,Female,114.166.139.130
411,Monty,Piesold,mpiesoldbe@japanpost.jp,Male,207.60.17.31
412,Virgie,O'Hickee,vohickeebf@imageshack.us,Female,200.137.191.170
413,Milzie,Metzke,mmetzkebg@geocities.com,Female,96.89.252.224
414,Bili,Wybourne,bwybournebh@squarespace.com,Polygender,177.59.61.57
415,Chance,Mixture,cmixturebi@gravatar.com,Male,116.173.236.31
416,Ichabod,Reedman,ireedmanbj@earthlink.net,Male,117.167.73.62
417,Mattias,Blazhevich,mblazhevichbk@bandcamp.com,Male,65.74.168.181
418,Jamaal,McDirmid,jmcdirmidbl@wiley.com,Male,223.63.12.203
419,Flor,Tembridge,ftembridgebm@icio.us,Female,143.130.79.191
420,Loydie,Brailsford,lbrailsfordbn@senate.gov,Male,172.198.54.75
421,Rooney,Prall,rprallbo@xinhuanet.com,Male,178.113.78.148
422,Monika,Wardington,mwardingtonbp@ehow.com,Female,48.85.61.109
423,Aymer,Skatcher,askatcherbq@reverbnation.com,Male,8.29.164.35
424,Geordie,Lillistone,glillistonebr@1688.com,Male,183.109.114.119
425,Birk,Cosgriff,bcosgriffbs@gmpg.org,Male,159.207.157.13
426,Brigham,Hartright,bhartrightbt@hexun.com,Male,247.77.196.158
427,Emmalyn,Dorricott,edorricottbu@themeforest.net,Female,3.203.190.224
428,Atlanta,McMenemy,amcmenemybv@samsung.com,Genderqueer,123.51.17.237
429,Valentine,Hirthe,vhirthebw@istockphoto.com,Male,251.179.47.212
430,Max,How,mhowbx@usatoday.com,Male,145.149.99.205
431,Augusto,Candish,acandishby@mac.com,Male,69.153.139.224
432,Bronnie,McRoberts,bmcrobertsbz@jugem.jp,Male,76.206.184.51
433,Massimo,Dymott,mdymottc0@weather.com,Genderqueer,235.110.52.159
434,Ernesta,Ludron,eludronc1@nyu.edu,Female,19.125.253.66
435,Sally,Toby,stobyc2@paypal.com,Female,184.21.235.44
436,Delcina,Salman,dsalmanc3@ucsd.edu,Female,105.36.158.247
437,Arliene,Calan,acalanc4@disqus.com,Female,32.180.8.193
438,Quintus,Fransseni,qfranssenic5@soup.io,Male,217.23.72.118
439,Rafael,Crighton,rcrightonc6@fastcompany.com,Male,193.5.146.5
440,Dannel,Gamlen,dgamlenc7@si.edu,Male,179.82.153.82
441,Jillene,Prahm,jprahmc8@tinypic.com,Female,42.93.58.42
442,Nessie,Balden,nbaldenc9@aboutads.info,Female,214.49.228.133
443,Ermanno,Laskey,elaskeyca@pbs.org,Male,201.38.5.185
444,Avivah,McCulloch,amccullochcb@buzzfeed.com,Female,50.158.147.162
445,Harlene,Mott,hmottcc@ask.com,Female,73.28.125.188
446,Shermie,Kimberly,skimberlycd@soup.io,Male,106.248.81.55
447,Ulrike,Brimacombe,ubrimacombece@arstechnica.com,Female,142.51.68.231
448,Perice,Mercer,pmercercf@wikia.com,Male,47.222.106.77
449,Paulie,Ogilvy,pogilvycg@princeton.edu,Female,223.106.77.124
450,Grazia,Haith,ghaithch@ebay.co.uk,Female,11.142.48.55
451,Francesca,Midner,fmidnerci@cam.ac.uk,Female,7.89.198.76
452,Portia,Soan,psoancj@hugedomains.com,Female,212.251.44.180
453,Frazer,Blacket,fblacketck@prlog.org,Male,154.70.81.89
454,Bianka,Mablestone,bmablestonecl@qq.com,Female,236.254.216.76
455,Petronille,Klass,pklasscm@house.gov,Female,216.128.28.1
456,Andrew,Cottill,acottillcn@ovh.net,Male,251.118.70.244
457,Corabel,Crickmoor,ccrickmoorco@nasa.gov,Female,42.22.185.221
458,Chloette,Conry,cconrycp@cbc.ca,Genderfluid,57.48.50.120
459,Silvester,Loxdale,sloxdalecq@toplist.cz,Male,123.7.16.220
460,Janna,Ewbanck,jewbanckcr@liveinternet.ru,Female,9.6.18.192
461,Tara,Pendrich,tpendrichcs@hud.gov,Female,58.78.107.205
462,Aime,Emmison,aemmisonct@google.fr,Female,83.87.231.191
463,Lonny,Wardall,lwardallcu@google.es,Male,248.35.233.25
464,Waldo,MacGhee,wmacgheecv@storify.com,Male,15.98.240.222
465,Mallorie,Bradborne,mbradbornecw@so-net.ne.jp,Female,234.160.249.216
466,Cortney,Saenz,csaenzcx@kickstarter.com,Female,82.133.243.168
467,El,Roobottom,eroobottomcy@go.com,Male,148.8.88.67
468,Alayne,Wimlet,awimletcz@europa.eu,Female,89.143.46.137
469,Beverie,Kyngdon,bkyngdond0@stanford.edu,Female,47.211.180.102
470,Lottie,Ockendon,lockendond1@microsoft.com,Female,78.67.199.9
471,Heddie,Allsebrook,hallsebrookd2@foxnews.com,Female,141.205.99.97
472,Thea,Mico,tmicod3@moonfruit.com,Non-binary,63.214.19.36
473,Colly,Swadlin,cswadlind4@weather.com,Female,142.248.87.39
474,Anatollo,Thrustle,athrustled5@opera.com,Male,144.101.48.191
475,Sibelle,Rentalll,srentallld6@desdev.cn,Female,62.170.182.61
476,Valerie,Barensky,vbarenskyd7@biglobe.ne.jp,Female,126.248.104.116
477,Connie,Pawden,cpawdend8@biglobe.ne.jp,Female,250.228.189.91
478,Thekla,Dmych,tdmychd9@domainmarket.com,Female,59.8.38.248
479,Eulalie,Gabriely,egabrielyda@bandcamp.com,Polygender,118.3.60.19
480,Jordanna,Drinkel,jdrinkeldb@usa.gov,Female,103.112.216.174
481,Lauretta,Kitchenham,lkitchenhamdc@about.com,Polygender,169.170.150.54
482,Corrianne,Krolak,ckrolakdd@mashable.com,Female,27.44.253.13
483,Rosemonde,Bachshell,rbachshellde@nyu.edu,Female,199.255.35.184
484,Alidia,Liver,aliverdf@blogs.com,Female,2.248.47.29
485,Arlen,Deavin,adeavindg@hao123.com,Female,4.12.66.89
486,Agnese,Paschke,apaschkedh@reddit.com,Female,151.107.224.41
487,Franklin,Thomkins,fthomkinsdi@shutterfly.com,Male,52.224.23.230
488,Wyn,Huygens,whuygensdj@cam.ac.uk,Male,217.156.205.84
489,Vidovic,Quincee,vquinceedk@constantcontact.com,Male,114.101.142.128
490,Giustino,Lamasna,glamasnadl@wired.com,Non-binary,231.186.35.168
491,Ingeborg,Eaves,ieavesdm@com.com,Female,81.235.188.156
492,Daveen,Idale,didaledn@youku.com,Female,199.245.106.58
493,Sephira,Gleave,sgleavedo@craigslist.org,Female,252.49.48.186
494,Clemence,Norsworthy,cnorsworthydp@themeforest.net,Female,158.36.66.174
495,Edgar,Pill,epilldq@spiegel.de,Male,170.4.96.168
496,Tye,Zanetello,tzanetellodr@sciencedaily.com,Male,178.56.122.202
497,Stern,Vickers,svickersds@etsy.com,Male,131.144.135.210
498,Cristionna,Giveen,cgiveendt@dropbox.com,Female,177.126.1.167
499,Nomi,Applin,napplindu@quantcast.com,Female,105.137.26.59
500,Edna,Owens,eowensdv@wordpress.org,Female,134.81.117.99
501,Daune,Bereford,dbereforddw@skyrock.com,Female,215.139.167.131
502,Gannie,Dukelow,gdukelowdx@webeden.co.uk,Male,47.100.199.135
503,Benn,Nyles,bnylesdy@sohu.com,Male,71.34.105.205
504,Johan,Rassmann,jrassmanndz@prnewswire.com,Male,116.174.72.31
505,Mikey,Attiwill,mattiwille0@wikipedia.org,Male,96.255.116.114
506,Regina,Prebble,rprebblee1@slideshare.net,Female,27.211.93.130
507,Timothy,Reville,trevillee2@biglobe.ne.jp,Male,111.11.74.74
508,Nickolai,Godspede,ngodspedee3@ted.com,Male,222.238.92.9
509,Della,Teece,dteecee4@yellowpages.com,Female,219.26.70.83
510,Suzanne,Branche,sbranchee5@businessinsider.com,Female,154.34.28.2
511,Agnese,Kluger,aklugere6@mysql.com,Female,131.136.78.87
512,Symon,Ateridge,sateridgee7@privacy.gov.au,Male,123.228.68.106
513,Leslie,Sabattier,lsabattiere8@arizona.edu,Male,127.240.13.119
514,Kane,Ladbrooke,kladbrookee9@slideshare.net,Male,79.152.46.184
515,Veriee,Quartermaine,vquartermaineea@posterous.com,Female,144.47.239.78
516,Janenna,Devanney,jdevanneyeb@lulu.com,Female,1.135.185.40
517,Sinclare,MacKay,smackayec@tinypic.com,Male,22.122.210.157
518,Addy,Pointing,apointinged@ustream.tv,Non-binary,184.132.78.143
519,Aviva,Vise,aviseee@ifeng.com,Female,91.15.98.208
520,Mark,Ockland,mocklandef@mit.edu,Male,162.184.47.73
521,Kristy,Jaquet,kjaqueteg@google.es,Female,74.178.88.125
522,Reta,Oliveira,roliveiraeh@about.me,Female,216.31.88.50
523,Fernanda,Rochester,frochesterei@live.com,Female,165.226.193.28
524,Marylou,Iwanowicz,miwanowiczej@joomla.org,Female,93.102.135.76
525,Paul,McNirlan,pmcnirlanek@prweb.com,Male,229.236.157.195
526,Lorrie,Leven,llevenel@zimbio.com,Male,94.37.15.245
527,Nataniel,Handscomb,nhandscombem@free.fr,Male,73.119.16.174
528,Loni,Groll,lgrollen@techcrunch.com,Female,218.82.243.228
529,Norby,Wellwood,nwellwoodeo@ycombinator.com,Male,226.253.123.191
530,Billie,Malan,bmalanep@ucsd.edu,Male,182.91.174.116
531,Dion,Joubert,djouberteq@ask.com,Female,5.248.70.226
532,Cristian,Roebuck,croebucker@xinhuanet.com,Male,162.192.247.222
533,Petey,Carbin,pcarbines@w3.org,Male,162.242.10.144
534,Alphard,Sherington,asheringtonet@sohu.com,Male,109.141.249.210
535,Adrianna,Kordova,akordovaeu@newyorker.com,Female,119.130.220.57
536,Monro,Marcroft,mmarcroftev@microsoft.com,Male,40.107.161.193
537,Norbie,Tinn,ntinnew@over-blog.com,Male,23.183.225.76
538,Vinita,Byneth,vbynethex@cocolog-nifty.com,Polygender,149.253.86.149
539,Carver,Wolfendale,cwolfendaleey@constantcontact.com,Male,9.249.164.67
540,Mano,Mossom,mmossomez@yellowpages.com,Male,182.127.125.67
541,Gail,Vayne,gvaynef0@imageshack.us,Female,119.34.225.17
542,Luce,Sedgman,lsedgmanf1@gov.uk,Male,113.175.27.178
543,Jasmina,Lindholm,jlindholmf2@yale.edu,Female,216.197.83.179
544,Ozzy,Proughten,oproughtenf3@mozilla.org,Male,204.200.112.113
545,Korry,Swinford,kswinfordf4@amazonaws.com,Female,14.209.228.101
546,Jessey,Smissen,jsmissenf5@technorati.com,Male,219.149.84.0
547,Dasya,McCallister,dmccallisterf6@amazon.co.jp,Female,37.173.63.207
548,Pavia,Gerrens,pgerrensf7@icq.com,Polygender,40.175.71.69
549,Idell,Stealfox,istealfoxf8@bing.com,Female,97.31.52.90
550,Mohandas,Boeck,mboeckf9@deviantart.com,Male,76.110.120.72
551,Krissy,Zupo,kzupofa@house.gov,Agender,253.152.132.121
552,Sherye,McGeechan,smcgeechanfb@jalbum.net,Female,247.114.174.157
553,Nestor,Penrith,npenrithfc@paypal.com,Male,144.153.201.38
554,Hayes,Langstone,hlangstonefd@hud.gov,Male,202.100.197.160
555,Felike,Halliwell,fhalliwellfe@livejournal.com,Male,162.170.234.242
556,Nate,Gregolin,ngregolinff@narod.ru,Male,5.242.2.204
557,Conrado,Govinlock,cgovinlockfg@google.com.au,Male,115.199.103.5
558,Olimpia,Tuffley,otuffleyfh@icq.com,Female,96.82.175.99
559,Noe,Presho,npreshofi@pagesperso-orange.fr,Male,225.152.132.219
560,Fiona,Aldins,faldinsfj@sourceforge.net,Female,245.59.154.138
561,Sharyl,Fittall,sfittallfk@cmu.edu,Polygender,176.60.73.192
562,Kirsti,Pachmann,kpachmannfl@skype.com,Female,66.184.10.192
563,Cassandre,Northern,cnorthernfm@baidu.com,Female,218.209.133.1
564,Frazier,Whelpton,fwhelptonfn@fda.gov,Male,201.94.178.29
565,Sandor,Schaffler,sschafflerfo@printfriendly.com,Male,98.118.60.116
566,Dyann,Castagneto,dcastagnetofp@angelfire.com,Female,51.162.163.134
567,Aloisia,Mc Ilwrick,amcilwrickfq@gmpg.org,Female,203.5.111.151
568,Cirstoforo,Kettlesing,ckettlesingfr@altervista.org,Male,79.120.144.71
569,Delainey,Maslen,dmaslenfs@fda.gov,Male,254.180.167.48
570,Guthrey,Huygens,ghuygensft@elpais.com,Male,95.84.84.56
571,Andrei,Ebrall,aebrallfu@auda.org.au,Female,95.186.6.145
572,Stephan,Elby,selbyfv@cnn.com,Male,249.206.158.56
573,Melodie,Laurant,mlaurantfw@tinyurl.com,Genderqueer,206.172.10.177
574,Alvis,Allpress,aallpressfx@telegraph.co.uk,Male,183.39.188.163
575,Katalin,Klimov,kklimovfy@fc2.com,Genderfluid,205.65.87.9
576,Israel,Bardell,ibardellfz@jiathis.com,Male,199.52.255.171
577,Jere,Villalta,jvillaltag0@discuz.net,Genderfluid,6.173.141.69
578,Grady,Savidge,gsavidgeg1@trellian.com,Male,90.25.43.255
579,Wylma,Raatz,wraatzg2@va.gov,Female,194.47.66.173
580,Richy,Callway,rcallwayg3@opensource.org,Male,198.65.125.181
581,Richmound,Wymer,rwymerg4@sphinn.com,Male,149.62.116.40
582,Lenna,Cretney,lcretneyg5@hp.com,Female,115.68.94.61
583,Jessy,Mc Caghan,jmccaghang6@noaa.gov,Female,223.5.179.102
584,Bradan,Kitteringham,bkitteringhamg7@sun.com,Male,235.214.102.213
585,Rosene,Gianulli,rgianullig8@statcounter.com,Female,202.87.76.8
586,Siouxie,Proske,sproskeg9@tuttocitta.it,Female,244.207.6.215
587,Melonie,Denyukin,mdenyukinga@reference.com,Female,58.216.231.13
588,Darya,Linke,dlinkegb@comsenz.com,Female,107.25.205.187
589,Gayle,Nobes,gnobesgc@plala.or.jp,Female,205.202.129.5
590,Jerome,Josefsen,jjosefsengd@whitehouse.gov,Male,121.85.147.156
591,Roosevelt,Wrate,rwratege@blogspot.com,Male,237.70.101.138
592,Carolus,Smitheman,csmithemangf@google.com,Male,120.90.129.214
593,Shanta,Shelborne,sshelbornegg@cmu.edu,Female,194.203.107.221
594,Zechariah,Holliar,zholliargh@cisco.com,Male,73.225.119.65
595,Finlay,Ioan,fioangi@purevolume.com,Male,218.56.163.80
596,Winslow,Silverston,wsilverstongj@google.pl,Bigender,113.238.40.178
597,Dwayne,Piotrkowski,dpiotrkowskigk@netscape.com,Male,213.186.162.69
598,Lara,Clayill,lclayillgl@sohu.com,Female,156.188.19.211
599,Jilli,Cawsy,jcawsygm@diigo.com,Female,9.174.157.84
600,Skye,Martine,smartinegn@illinois.edu,Male,7.221.188.87
601,Kimberli,Cassella,kcassellago@irs.gov,Female,184.185.203.19
602,Ragnar,Mignot,rmignotgp@constantcontact.com,Male,82.109.26.129
603,Gallagher,Bulbrook,gbulbrookgq@macromedia.com,Polygender,148.180.238.163
604,Alyssa,Evangelinos,aevangelinosgr@blogspot.com,Female,147.172.103.237
605,Corabel,Mathevon,cmathevongs@reference.com,Female,100.53.137.255
606,Quinlan,Bigglestone,qbigglestonegt@t-online.de,Male,213.219.140.7
607,Janella,Meynell,jmeynellgu@phoca.cz,Female,25.182.230.156
608,Ransom,O'Shee,rosheegv@acquirethisname.com,Bigender,9.217.119.255
609,Ravid,Kardos,rkardosgw@de.vu,Male,102.209.239.71
610,Gwyneth,Aldie,galdiegx@hexun.com,Non-binary,42.48.229.22
611,Darnell,Dunckley,ddunckleygy@photobucket.com,Male,96.163.204.116
612,Carling,Esselin,cesselingz@state.tx.us,Male,81.222.24.114
613,Stillman,Dalliwatr,sdalliwatrh0@lulu.com,Non-binary,252.115.148.105
614,Else,Bozworth,ebozworthh1@icq.com,Female,98.0.82.180
615,Ernaline,Weinmann,eweinmannh2@epa.gov,Female,177.5.12.151
616,Nickolaus,Synan,nsynanh3@cafepress.com,Male,192.184.120.4
617,Jesse,Gozney,jgozneyh4@angelfire.com,Male,124.66.78.238
618,Freedman,Howles,fhowlesh5@issuu.com,Male,21.31.15.19
619,Cazzie,Ruthen,cruthenh6@columbia.edu,Male,102.204.83.192
620,Ellary,Crighton,ecrightonh7@go.com,Male,136.207.98.180
621,Amalie,Fowlie,afowlieh8@altervista.org,Female,182.54.224.55
622,Brigitta,Dickinson,bdickinsonh9@senate.gov,Female,254.34.57.254
623,Dolph,Fadden,dfaddenha@yolasite.com,Polygender,231.21.6.75
624,Conrade,Sacaze,csacazehb@rakuten.co.jp,Bigender,130.184.172.109
625,Queenie,Wainscoat,qwainscoathc@nytimes.com,Female,193.122.155.191
626,Alberik,Langman,alangmanhd@phpbb.com,Male,227.218.75.118
627,Dwain,ffrench Beytagh,dffrenchbeytaghhe@soup.io,Non-binary,193.199.220.182
628,Cammy,Enoch,cenochhf@mac.com,Male,168.2.147.103
629,Yasmeen,Thorogood,ythorogoodhg@devhub.com,Female,67.46.73.141
630,Christoffer,Rodgier,crodgierhh@soundcloud.com,Male,214.82.35.106
631,Chickie,Hammatt,chammatthi@ucoz.ru,Male,128.77.239.198
632,Susana,Yo,syohj@blogs.com,Female,52.197.113.205
633,Molly,Hiers,mhiershk@shop-pro.jp,Female,9.22.69.105
634,Delmore,Asling,daslinghl@jimdo.com,Male,225.188.104.4
635,Rem,Pixton,rpixtonhm@squarespace.com,Male,147.56.116.166
636,Katrina,Branno,kbrannohn@wisc.edu,Female,149.213.145.43
637,Olenolin,Crosio,ocrosioho@google.co.jp,Male,221.114.63.182
638,Noe,O'Kynsillaghe,nokynsillaghehp@utexas.edu,Male,119.140.92.44
639,Krishna,Cordey,kcordeyhq@hugedomains.com,Male,42.34.190.62
640,Jessy,Spadazzi,jspadazzihr@redcross.org,Female,90.101.176.30
641,Myriam,Bywaters,mbywatershs@sogou.com,Female,14.63.27.138
642,Patsy,Gregor,pgregorht@smh.com.au,Female,58.116.125.48
643,Nicky,Murrie,nmurriehu@apple.com,Female,175.19.133.166
644,Evered,Lucks,eluckshv@surveymonkey.com,Male,138.100.98.230
645,Durante,Redwin,dredwinhw@blinklist.com,Male,205.122.156.190
646,Tonye,Churchin,tchurchinhx@sfgate.com,Female,113.25.0.62
647,Caron,Gerg,cgerghy@seattletimes.com,Female,95.192.39.44
648,Tod,Castellucci,tcastelluccihz@google.es,Male,68.81.9.74
649,Kelley,Bodell,kbodelli0@washingtonpost.com,Female,230.92.113.235
650,Tiebold,Matherson,tmathersoni1@upenn.edu,Bigender,193.179.117.117
651,Jerrylee,Gribbin,jgribbini2@ustream.tv,Female,115.94.74.40
652,Becki,Cossar,bcossari3@blogs.com,Female,152.241.221.162
653,Luigi,Askell,laskelli4@fda.gov,Male,230.126.117.133
654,Rudolph,Siney,rsineyi5@scientificamerican.com,Male,203.139.204.70
655,Orv,Southers,osouthersi6@angelfire.com,Male,143.241.231.120
656,Ajay,Wohler,awohleri7@icq.com,Female,34.18.205.230
657,Christophe,Andries,candriesi8@photobucket.com,Male,72.51.118.11
658,Grenville,Drezzer,gdrezzeri9@sphinn.com,Male,45.217.183.96
659,Dallis,Carlet,dcarletia@xinhuanet.com,Male,159.203.117.181
660,Avril,Schrei,aschreiib@telegraph.co.uk,Bigender,106.141.241.140
661,Shepperd,Churms,schurmsic@redcross.org,Male,146.175.72.73
662,Netta,Tennock,ntennockid@miibeian.gov.cn,Female,127.80.23.231
663,Wolfy,McGall,wmcgallie@umich.edu,Male,104.250.137.108
664,Geneva,Bromige,gbromigeif@java.com,Female,29.174.74.215
665,Eolande,O'Farris,eofarrisig@home.pl,Female,1.92.138.78
666,Sharyl,Bute,sbuteih@bbc.co.uk,Female,133.169.207.115
667,Obed,Shiell,oshiellii@marketwatch.com,Male,167.244.29.6
668,Maris,Nowakowska,mnowakowskaij@wp.com,Genderqueer,152.174.171.24
669,Elizabeth,Davydkov,edavydkovik@ucoz.ru,Female,155.180.10.21
670,Karil,Kingsworth,kkingsworthil@usatoday.com,Female,44.222.97.205
671,Delia,Blowen,dblowenim@google.ca,Non-binary,215.98.196.236
672,Danit,Lowing,dlowingin@quantcast.com,Female,61.91.25.79
673,Rudiger,Grishakov,rgrishakovio@google.fr,Male,65.249.110.225
674,Xaviera,Halson,xhalsonip@huffingtonpost.com,Female,162.8.233.82
675,Tom,Hayton,thaytoniq@networksolutions.com,Male,205.199.19.224
676,Kelly,Cersey,kcerseyir@bigcartel.com,Female,245.193.1.68
677,Mabel,Pendergrast,mpendergrastis@unblog.fr,Female,34.51.204.73
678,Coral,Ruthen,cruthenit@patch.com,Female,244.71.86.137
679,Ring,Baptie,rbaptieiu@xinhuanet.com,Male,195.42.161.32
680,Riannon,Crawforth,rcrawforthiv@biblegateway.com,Female,107.8.187.131
681,Amalee,Conichie,aconichieiw@example.com,Female,48.31.19.48
682,Hamlin,d'Escoffier,hdescoffierix@pen.io,Male,89.40.172.141
683,Riccardo,Lesser,rlesseriy@technorati.com,Male,40.250.45.64
684,Eberto,Gorstidge,egorstidgeiz@altervista.org,Male,30.129.192.130
685,Adamo,Cicullo,aciculloj0@dell.com,Male,41.209.127.197
686,Thorsten,Caughan,tcaughanj1@rambler.ru,Male,59.117.186.57
687,Lilli,Edmonds,ledmondsj2@house.gov,Female,158.87.118.104
688,Danette,Cottam,dcottamj3@marriott.com,Female,172.163.88.32
689,Alexi,Leades,aleadesj4@odnoklassniki.ru,Female,230.54.232.155
690,Archy,Letchmore,aletchmorej5@geocities.com,Male,161.99.130.83
691,Gareth,Zoanetti,gzoanettij6@sfgate.com,Male,178.215.57.225
692,Hillard,Ricart,hricartj7@odnoklassniki.ru,Male,67.220.246.200
693,Jere,Tomley,jtomleyj8@ebay.com,Female,99.106.116.191
694,Reynard,Smetoun,rsmetounj9@usda.gov,Polygender,121.42.107.31
695,Melitta,Carthy,mcarthyja@php.net,Female,82.237.131.100
696,Hanni,Charrier,hcharrierjb@miibeian.gov.cn,Female,250.255.195.235
697,Heinrik,Birchett,hbirchettjc@yellowbook.com,Male,52.251.117.80
698,Malvin,Gyford,mgyfordjd@homestead.com,Male,133.34.119.37
699,Marice,Dugmore,mdugmoreje@myspace.com,Female,69.167.95.118
700,Doll,Godart,dgodartjf@dell.com,Female,134.107.15.243
701,Datha,Grisewood,dgrisewoodjg@friendfeed.com,Female,67.16.63.18
702,Mellie,Gatward,mgatwardjh@irs.gov,Female,25.147.228.213
703,Barnabe,Stow,bstowji@etsy.com,Male,73.99.94.134
704,Vincent,Puckey,vpuckeyjj@cnbc.com,Male,165.1.153.5
705,Mortimer,Dugood,mdugoodjk@goo.gl,Male,56.204.117.80
706,Brandy,Kighly,bkighlyjl@netvibes.com,Female,32.206.92.104
707,Pip,Showers,pshowersjm@pen.io,Polygender,15.20.53.172
708,Ariana,Coggell,acoggelljn@google.co.uk,Female,231.42.73.230
709,Rasia,Rohfsen,rrohfsenjo@twitter.com,Female,225.46.69.121
710,Stuart,Radcliffe,sradcliffejp@infoseek.co.jp,Male,184.9.49.132
711,Ozzy,Niesing,oniesingjq@reddit.com,Male,4.159.100.75
712,Harley,Pantin,hpantinjr@bandcamp.com,Agender,93.14.67.235
713,Erhard,Tuckerman,etuckermanjs@about.me,Male,92.150.67.175
714,Kippie,McCook,kmccookjt@shop-pro.jp,Female,83.240.224.64
715,Dede,Brolly,dbrollyju@homestead.com,Polygender,130.227.110.225
716,Jeannine,Fee,jfeejv@woothemes.com,Female,114.221.92.186
717,Jasper,Darwood,jdarwoodjw@woothemes.com,Male,165.150.5.45
718,Ulrikaumeko,Pauluzzi,upauluzzijx@multiply.com,Female,73.137.132.231
719,Gav,Caldero,gcalderojy@qq.com,Male,30.185.30.48
720,Frasquito,Julian,fjulianjz@mozilla.com,Male,148.12.229.240
721,Balduin,Buttler,bbuttlerk0@technorati.com,Male,55.239.151.196
722,Nonah,Callaway,ncallawayk1@multiply.com,Female,226.32.53.182
723,Suzie,Delamar,sdelamark2@google.fr,Female,163.183.7.77
724,Nanon,Hadigate,nhadigatek3@un.org,Female,194.61.134.205
725,Nona,Dunsford,ndunsfordk4@netlog.com,Female,27.139.215.246
726,Julita,Esome,jesomek5@histats.com,Female,2.198.129.48
727,Felic,Laverack,flaverackk6@tinypic.com,Male,154.250.129.18
728,Rhianon,Huckerby,rhuckerbyk7@dailymail.co.uk,Female,218.36.97.242
729,Corilla,Whyley,cwhyleyk8@wisc.edu,Female,63.225.19.25
730,Brunhilde,Schneider,bschneiderk9@storify.com,Female,79.65.44.101
731,Frederik,Moyers,fmoyerska@acquirethisname.com,Bigender,0.37.120.48
732,Truda,Lydiate,tlydiatekb@flickr.com,Female,214.203.231.139
733,Vivi,Lanfere,vlanferekc@utexas.edu,Female,235.246.121.236
734,Isabeau,Carnaman,icarnamankd@house.gov,Female,144.71.21.189
735,Sherwin,Castard,scastardke@cocolog-nifty.com,Male,73.62.108.187
736,Kathi,Terese,kteresekf@discovery.com,Female,64.157.94.7
737,Natal,Hallas,nhallaskg@hud.gov,Male,84.218.186.44
738,Godfree,Daines,gdaineskh@cargocollective.com,Male,253.19.44.92
739,Alva,Khidr,akhidrki@springer.com,Male,222.62.4.56
740,Patin,Duester,pduesterkj@spotify.com,Male,229.229.143.122
741,Ella,Burril,eburrilkk@apple.com,Female,102.178.217.50
742,Ingram,Gelder,igelderkl@weebly.com,Male,123.102.162.240
743,Misty,Sherwell,msherwellkm@china.com.cn,Female,73.198.18.38
744,Olimpia,Spearett,ospearettkn@shinystat.com,Female,195.49.188.98
745,Winifield,Insworth,winsworthko@joomla.org,Male,215.126.37.61
746,Karie,Macvain,kmacvainkp@independent.co.uk,Female,64.252.27.138
747,Sollie,Dulanty,sdulantykq@ed.gov,Male,224.141.80.222
748,Bren,Yewman,byewmankr@wp.com,Genderfluid,112.5.239.132
749,Peirce,Linscott,plinscottks@de.vu,Male,213.245.9.141
750,Abeu,Puller,apullerkt@paginegialle.it,Male,184.108.236.176
751,Bank,Kwietek,bkwietekku@cnet.com,Male,5.193.178.147
752,Vevay,Treadgear,vtreadgearkv@walmart.com,Female,61.249.127.42
753,Aldous,Lassen,alassenkw@berkeley.edu,Male,90.228.117.233
754,Prudence,ffrench Beytagh,pffrenchbeytaghkx@t.co,Female,241.9.174.220
755,Fredra,Doghartie,fdoghartieky@4shared.com,Female,198.71.225.36
756,Judy,Gulvin,jgulvinkz@wikia.com,Female,247.10.8.150
757,Papageno,Duxbarry,pduxbarryl0@360.cn,Male,144.183.178.166
758,Ardisj,Fitzgerald,afitzgeraldl1@psu.edu,Female,33.226.94.123
759,Trefor,Trask,ttraskl2@theglobeandmail.com,Male,149.40.48.185
760,Thaine,Benard,tbenardl3@ycombinator.com,Bigender,134.85.141.96
761,Clemmy,Bovaird,cbovairdl4@shop-pro.jp,Male,71.225.143.19
762,Zak,Codlin,zcodlinl5@dell.com,Male,30.116.161.68
763,Lindsay,Blewmen,lblewmenl6@oracle.com,Agender,36.180.226.145
764,James,Wingham,jwinghaml7@instagram.com,Male,185.153.224.177
765,Aldon,Saphin,asaphinl8@marketwatch.com,Male,64.234.43.86
766,Filberto,Tadman,ftadmanl9@instagram.com,Non-binary,242.59.250.210
767,Justus,Bertholin,jbertholinla@ebay.com,Male,136.151.251.192
768,Cayla,McLevie,cmclevielb@technorati.com,Female,55.206.39.154
769,Cecilio,Easseby,ceassebylc@ow.ly,Male,42.24.194.59
770,Arnie,Dart,adartld@google.it,Agender,42.39.133.158
771,Shanie,Verbeke,sverbekele@amazonaws.com,Female,97.238.129.85
772,Devinne,Springford,dspringfordlf@oracle.com,Non-binary,63.128.216.214
773,Cobb,Ingerson,cingersonlg@reverbnation.com,Male,153.221.83.102
774,Horatia,Royans,hroyanslh@msu.edu,Polygender,105.163.214.179
775,Noe,Kuhnhardt,nkuhnhardtli@wix.com,Male,41.127.238.197
776,Dorris,Greguol,dgreguollj@tumblr.com,Female,81.182.93.249
777,Rosa,Bassett,rbassettlk@virginia.edu,Female,48.216.84.135
778,Justin,Crummey,jcrummeyll@cnbc.com,Genderqueer,129.196.120.132
779,Madelon,Champain,mchampainlm@netlog.com,Female,35.176.225.248
780,Eran,Friary,efriaryln@businessinsider.com,Female,3.15.207.160
781,Adolphe,McClaurie,amcclaurielo@t.co,Male,211.30.237.211
782,Sascha,Dewing,sdewinglp@forbes.com,Male,18.117.57.117
783,Marinna,Brion,mbrionlq@nydailynews.com,Female,232.97.91.41
784,Estrellita,Metrick,emetricklr@google.it,Bigender,2.85.48.190
785,Leonie,Dufoure,ldufourels@google.es,Female,16.161.147.165
786,Garey,Westcar,gwestcarlt@vimeo.com,Male,40.174.185.123
787,Benson,Issett,bissettlu@umn.edu,Male,118.178.41.27
788,Amata,Rhodus,arhoduslv@bing.com,Female,49.13.153.103
789,Reggis,Fidgin,rfidginlw@360.cn,Male,197.134.130.34
790,Judah,Waryk,jwaryklx@wsj.com,Male,250.132.73.146
791,Edgard,Norman,enormanly@blog.com,Male,72.1.69.20
792,Rosamund,Nibloe,rnibloelz@fastcompany.com,Female,18.191.102.54
793,Jesse,Ciccarelli,jciccarellim0@ask.com,Female,152.217.36.201
794,Weider,Asbury,wasburym1@lulu.com,Male,108.85.228.83
795,Edythe,Valentine,evalentinem2@smh.com.au,Female,146.200.65.123
796,Barbara-anne,Bezants,bbezantsm3@i2i.jp,Female,115.99.106.164
797,Dedra,Innes,dinnesm4@springer.com,Female,137.69.239.110
798,Anders,Yell,ayellm5@live.com,Male,149.150.19.55
799,Russell,Cod,rcodm6@diigo.com,Male,20.54.211.135
800,Corbin,Ethridge,cethridgem7@comsenz.com,Male,9.147.252.42
801,Domini,Jansey,djanseym8@sina.com.cn,Female,5.89.211.113
802,Vernen,Pfeffer,vpfefferm9@cnn.com,Male,121.156.131.142
803,Betta,Hynes,bhynesma@rakuten.co.jp,Female,128.89.195.8
804,Baudoin,Cunde,bcundemb@narod.ru,Male,66.171.46.211
805,Nancee,Dinsmore,ndinsmoremc@disqus.com,Female,131.87.114.60
806,Lemuel,Everley,leverleymd@networksolutions.com,Male,247.51.62.173
807,Kareem,Feedome,kfeedomeme@tmall.com,Male,73.156.174.105
808,Christoper,Tipling,ctiplingmf@tmall.com,Male,195.201.48.158
809,Trevar,Raddan,traddanmg@umn.edu,Male,246.20.75.53
810,Enrichetta,Awcoate,eawcoatemh@github.com,Female,86.34.82.138
811,Domini,Oloman,dolomanmi@wix.com,Female,63.133.244.182
812,Osbourne,Goodsir,ogoodsirmj@ebay.com,Male,127.213.190.250
813,Ranique,Strangman,rstrangmanmk@infoseek.co.jp,Female,242.249.75.122
814,Reynold,Walker,rwalkerml@ebay.com,Male,102.34.87.216
815,Rodney,Hall-Gough,rhallgoughmm@zimbio.com,Male,139.112.173.215
816,Pincas,Calladine,pcalladinemn@zimbio.com,Male,164.130.162.229
817,Dee,Beyer,dbeyermo@sciencedaily.com,Female,196.121.163.51
818,See,Dowyer,sdowyermp@cafepress.com,Male,54.39.236.175
819,Harriot,Laurant,hlaurantmq@umich.edu,Female,93.23.10.116
820,Garik,Yedall,gyedallmr@tumblr.com,Male,96.205.105.76
821,Oran,Blaksley,oblaksleyms@reddit.com,Male,159.138.141.218
822,Dominick,Iannuzzelli,diannuzzellimt@dagondesign.com,Male,57.58.90.94
823,Marybelle,McMains,mmcmainsmu@mysql.com,Female,248.242.30.178
824,Rustie,Bruna,rbrunamv@jigsy.com,Male,245.29.64.30
825,Josefina,Matsell,jmatsellmw@nyu.edu,Female,246.182.222.59
826,Ofelia,Edsall,oedsallmx@weibo.com,Genderqueer,128.227.72.222
827,Rhoda,Fegan,rfeganmy@wunderground.com,Female,104.187.216.234
828,Felicity,Caller,fcallermz@acquirethisname.com,Female,88.121.26.94
829,Barnett,McTeague,bmcteaguen0@dagondesign.com,Male,68.48.215.151
830,Ezmeralda,Kupka,ekupkan1@blog.com,Female,255.140.215.25
831,Darbee,Whyler,dwhylern2@narod.ru,Male,83.85.9.79
832,Licha,Blanchard,lblanchardn3@microsoft.com,Female,146.65.205.100
833,Jdavie,Mousby,jmousbyn4@nih.gov,Male,112.215.56.57
834,Hynda,Leith-Harvey,hleithharveyn5@hp.com,Female,26.226.203.7
835,Roley,Gissing,rgissingn6@narod.ru,Male,68.255.2.14
836,Renato,Meriott,rmeriottn7@creativecommons.org,Male,135.156.191.79
837,Fanni,Proom,fproomn8@weebly.com,Female,64.172.57.26
838,Bettina,Tregust,btregustn9@google.nl,Female,138.31.95.61
839,Reggy,Keslake,rkeslakena@alibaba.com,Male,237.166.16.191
840,Margareta,Rudgard,mrudgardnb@yolasite.com,Female,140.195.98.154
841,Jaquenetta,Colerick,jcolericknc@php.net,Female,28.96.176.26
842,Tiffie,Collen,tcollennd@csmonitor.com,Female,79.3.68.26
843,Georgine,Gillon,ggillonne@tiny.cc,Female,5.124.231.52
844,Gray,Haukey,ghaukeynf@reddit.com,Female,108.193.101.205
845,Hymie,Trouel,htrouelng@xrea.com,Agender,39.84.110.38
846,Gale,Skeete,gskeetenh@latimes.com,Female,57.239.88.141
847,Jeffry,Harnell,jharnellni@istockphoto.com,Male,250.124.236.175
848,Adams,Finders,afindersnj@desdev.cn,Male,4.9.21.173
849,Tracy,Lynde,tlyndenk@icq.com,Female,236.64.33.11
850,Dionne,Toopin,dtoopinnl@imageshack.us,Female,252.180.221.99
851,Chance,Vannuccinii,cvannucciniinm@timesonline.co.uk,Genderfluid,248.111.107.208
852,Brose,MacDearmid,bmacdearmidnn@1und1.de,Male,125.75.40.13
853,Justus,Dmitriev,jdmitrievno@delicious.com,Male,200.225.55.87
854,Barry,Pendrill,bpendrillnp@guardian.co.uk,Female,83.156.15.150
855,Kristy,Kember,kkembernq@de.vu,Female,17.207.31.205
856,Leonerd,Tindley,ltindleynr@amazon.com,Male,252.228.135.210
857,Sayre,Kindred,skindredns@pcworld.com,Male,226.104.109.76
858,Karlik,Delieu,kdelieunt@posterous.com,Male,137.7.103.129
859,Aggi,Whelpdale,awhelpdalenu@edublogs.org,Female,196.76.131.101
860,Willy,Handrok,whandroknv@digg.com,Male,182.122.32.67
861,Randi,Timmermann,rtimmermannnw@dagondesign.com,Agender,128.125.214.245
862,Paddie,Peepall,ppeepallnx@wikispaces.com,Non-binary,249.76.54.88
863,Cathyleen,Colbrun,ccolbrunny@scientificamerican.com,Female,181.101.187.195
864,Erin,Selwood,eselwoodnz@icq.com,Male,69.15.92.218
865,Sansone,Follan,sfollano0@prweb.com,Male,108.150.54.217
866,Lorenzo,Lunney,llunneyo1@stumbleupon.com,Male,85.82.143.221
867,Alvera,St Ledger,astledgero2@thetimes.co.uk,Female,30.149.118.143
868,Teriann,Geerits,tgeeritso3@godaddy.com,Female,227.150.221.32
869,Saraann,Pogg,spoggo4@gravatar.com,Female,198.248.214.189
870,Roshelle,Clewley,rclewleyo5@sciencedaily.com,Female,63.68.60.157
871,Katherine,McFetrich,kmcfetricho6@cdbaby.com,Female,105.143.197.114
872,Collette,Snead,csneado7@webeden.co.uk,Female,53.169.252.199
873,Erica,Rhydderch,erhyddercho8@psu.edu,Female,218.26.4.74
874,Aland,Iban,aibano9@discuz.net,Male,3.235.165.81
875,Marni,Kachel,mkacheloa@pcworld.com,Female,113.142.225.157
876,Chaddy,Brigge,cbriggeob@businessinsider.com,Male,140.115.128.18
877,Bettina,Crilley,bcrilleyoc@amazon.de,Female,27.61.121.234
878,Torrey,Aimeric,taimericod@lulu.com,Male,59.2.148.203
879,Gianni,Bridal,gbridaloe@pcworld.com,Male,178.21.63.97
880,Aguie,Beevis,abeevisof@blogger.com,Male,233.162.221.218
881,Godart,Whorall,gwhorallog@google.fr,Male,37.218.18.245
882,Annabela,Kneale,aknealeoh@gmpg.org,Female,191.86.70.128
883,Gilburt,Kuschel,gkuscheloi@exblog.jp,Male,234.113.95.129
884,Velma,Lacer,vlaceroj@cnn.com,Female,140.216.240.60
885,Fanechka,Culbert,fculbertok@opensource.org,Bigender,210.100.102.204
886,Domenic,Cuseick,dcuseickol@state.tx.us,Male,53.41.93.105
887,Michell,Otson,motsonom@lulu.com,Female,235.115.24.105
888,Vergil,Sponton,vspontonon@mtv.com,Male,129.7.202.17
889,Hill,Pittson,hpittsonoo@forbes.com,Polygender,29.163.105.139
890,Phoebe,Lampard,plampardop@mozilla.org,Female,152.31.153.23
891,Gaspard,Leaming,gleamingoq@examiner.com,Male,67.10.193.37
892,Debby,Tamburo,dtamburoor@ox.ac.uk,Female,30.189.242.97
893,Merla,Somersett,msomersettos@foxnews.com,Female,104.155.102.68
894,Caesar,Tallquist,ctallquistot@networkadvertising.org,Male,3.48.59.226
895,Morgan,Hlavecek,mhlavecekou@de.vu,Polygender,3.81.220.14
896,Mindy,De la Zenne,mdelazenneov@biblegateway.com,Female,244.209.172.47
897,Nadiya,Minucci,nminucciow@intel.com,Female,16.4.49.138
898,Alma,Andersch,aanderschox@msn.com,Female,242.159.80.205
899,Erika,Konig,ekonigoy@telegraph.co.uk,Female,10.221.1.91
900,Monro,Fairburn,mfairburnoz@themeforest.net,Male,2.245.111.98
901,Sanson,Papen,spapenp0@japanpost.jp,Male,136.228.183.34
902,Erik,Wannop,ewannopp1@i2i.jp,Male,134.166.149.225
903,Tann,Heeks,theeksp2@cyberchimps.com,Male,143.124.179.181
904,Waite,Matoshin,wmatoshinp3@cbslocal.com,Bigender,94.122.245.177
905,Ali,Wagerfield,awagerfieldp4@flavors.me,Male,187.69.116.110
906,Sidonia,Stych,sstychp5@wordpress.com,Female,152.206.131.252
907,Vasily,Junkison,vjunkisonp6@cnbc.com,Male,186.245.47.218
908,Brianna,Woollcott,bwoollcottp7@narod.ru,Female,188.243.165.147
909,Quinn,Colwill,qcolwillp8@blogspot.com,Bigender,158.18.92.154
910,Goddard,Wims,gwimsp9@merriam-webster.com,Male,36.61.64.8
911,Lanae,Routham,lrouthampa@barnesandnoble.com,Female,184.76.80.218
912,Peyton,Benne,pbennepb@va.gov,Male,217.252.5.76
913,Giacomo,Vsanelli,gvsanellipc@purevolume.com,Bigender,145.130.202.77
914,Shannan,Hanniger,shannigerpd@hc360.com,Male,22.253.105.183
915,Pippa,Pleven,pplevenpe@4shared.com,Female,191.74.192.205
916,Guido,Denmead,gdenmeadpf@hexun.com,Male,44.172.176.199
917,Alva,Harriday,aharridaypg@nasa.gov,Male,100.66.112.253
918,Matthew,Klimmek,mklimmekph@google.fr,Male,57.93.105.152
919,Arline,Stefanovic,astefanovicpi@usda.gov,Female,66.30.66.173
920,Redford,Welfair,rwelfairpj@addtoany.com,Male,229.241.62.41
921,Weston,Muffin,wmuffinpk@netvibes.com,Male,112.141.108.103
922,Hernando,Abilowitz,habilowitzpl@diigo.com,Male,186.46.229.0
923,Dolli,Danford,ddanfordpm@digg.com,Female,18.39.199.76
924,Tod,Raselles,trasellespn@ftc.gov,Male,70.32.41.234
925,Adams,Oxlee,aoxleepo@soup.io,Genderfluid,118.226.226.50
926,Kathryn,Splevings,ksplevingspp@google.fr,Female,110.182.162.73
927,Basia,Featherbie,bfeatherbiepq@patch.com,Female,218.127.141.238
928,Ellette,Diperaus,ediperauspr@dmoz.org,Female,219.167.25.241
929,Fonzie,Eyckelbeck,feyckelbeckps@dailymotion.com,Male,106.163.113.169
930,Pippo,Paolucci,ppaoluccipt@unc.edu,Male,8.99.106.64
931,Moira,Clowley,mclowleypu@nhs.uk,Female,71.23.245.224
932,Dicky,Slocum,dslocumpv@uol.com.br,Male,141.58.0.96
933,Martynne,Colebourne,mcolebournepw@intel.com,Genderfluid,133.3.137.52
934,Riobard,Bollins,rbollinspx@epa.gov,Male,236.202.113.132
935,Desmond,Kerridge,dkerridgepy@jiathis.com,Male,41.168.196.65
936,Derry,Hunter,dhunterpz@shinystat.com,Male,90.23.155.185
937,Bertha,Dodgshun,bdodgshunq0@jalbum.net,Female,173.151.188.114
938,Fleming,Cockin,fcockinq1@mediafire.com,Male,130.141.123.71
939,Arthur,Wisniowski,awisniowskiq2@multiply.com,Male,128.64.136.75
940,Peirce,Yter,pyterq3@aol.com,Male,67.194.41.222
941,Terrie,Bahde,tbahdeq4@merriam-webster.com,Female,180.88.11.198
942,Felicle,Aspin,faspinq5@sun.com,Female,34.142.42.192
943,Booth,O'Murtagh,bomurtaghq6@oakley.com,Male,172.185.169.201
944,Crin,Shawley,cshawleyq7@g.co,Genderqueer,251.178.206.205
945,Sutherland,Fawlks,sfawlksq8@amazon.co.jp,Male,46.207.74.252
946,Isabelita,McFfaden,imcffadenq9@samsung.com,Female,7.131.166.30
947,Sarah,Comettoi,scomettoiqa@google.com.br,Female,63.207.209.58
948,Delmar,Iddiens,diddiensqb@ycombinator.com,Male,90.134.251.79
949,Basilio,Lingner,blingnerqc@wix.com,Male,6.167.69.244
950,Doralin,Orsman,dorsmanqd@google.pl,Female,148.27.156.68
951,Cliff,Guirardin,cguirardinqe@creativecommons.org,Male,86.110.80.2
952,Perri,Girardini,pgirardiniqf@paginegialle.it,Female,91.208.198.154
953,Frayda,Ebbles,febblesqg@seattletimes.com,Female,80.173.12.176
954,Belita,Aspell,baspellqh@ted.com,Female,221.123.227.178
955,Aldric,Mewitt,amewittqi@latimes.com,Male,247.199.4.237
956,Shelton,Strowan,sstrowanqj@zdnet.com,Male,247.237.253.55
957,Allis,Flavelle,aflavelleqk@blinklist.com,Female,130.93.85.81
958,Teirtza,Finders,tfindersql@patch.com,Female,140.39.171.85
959,Tripp,Berresford,tberresfordqm@pinterest.com,Male,246.7.115.156
960,Rodie,Victor,rvictorqn@cbc.ca,Female,46.134.76.186
961,Wally,Abercromby,wabercrombyqo@archive.org,Male,202.197.201.38
962,Roderick,Pillman,rpillmanqp@adobe.com,Male,95.63.140.94
963,Talbot,Zettoi,tzettoiqq@slashdot.org,Male,12.65.212.101
964,Izak,Vosse,ivosseqr@state.tx.us,Male,252.198.78.113
965,Sax,Fosh,sfoshqs@jalbum.net,Male,143.99.74.48
966,Jereme,Turville,jturvilleqt@slideshare.net,Non-binary,38.121.120.242
967,Pierre,Crookston,pcrookstonqu@amazon.de,Male,12.223.188.216
968,Elmira,McLaughlan,emclaughlanqv@google.ru,Female,145.113.239.244
969,Tibold,Averall,taverallqw@ibm.com,Male,224.150.96.130
970,Finlay,Darbey,fdarbeyqx@woothemes.com,Male,3.33.37.175
971,Trace,Yitzhak,tyitzhakqy@comcast.net,Male,186.64.172.242
972,Edita,Filippi,efilippiqz@freewebs.com,Female,159.67.140.54
973,Jarrett,Christophers,jchristophersr0@wired.com,Male,237.167.248.107
974,Calley,Fairburne,cfairburner1@jiathis.com,Female,134.161.82.192
975,Yolanda,Aslin,yaslinr2@ustream.tv,Female,229.132.31.114
976,Elbert,Babar,ebabarr3@1und1.de,Male,160.136.74.48
977,Bryn,Stothart,bstothartr4@discuz.net,Female,92.86.99.172
978,Jarid,Bortolozzi,jbortolozzir5@wisc.edu,Male,182.10.168.93
979,Alley,Hinsche,ahinscher6@uiuc.edu,Male,51.98.186.62
980,Theadora,Van der Velde,tvandervelder7@i2i.jp,Female,53.166.38.117
981,Kikelia,Cussons,kcussonsr8@jigsy.com,Female,109.37.173.227
982,Hubie,Cratere,hcraterer9@imgur.com,Male,101.53.46.248
983,Colan,Minker,cminkerra@nhs.uk,Genderfluid,68.17.6.96
984,Gary,Stitle,gstitlerb@jigsy.com,Male,59.125.246.66
985,Mervin,De Marchi,mdemarchirc@harvard.edu,Male,242.128.203.136
986,Petronille,Dowdall,pdowdallrd@timesonline.co.uk,Female,164.139.88.122
987,Carlin,Dany,cdanyre@sbwire.com,Male,59.165.75.24
988,Sabrina,Fieldgate,sfieldgaterf@livejournal.com,Female,68.98.194.142
989,Danica,Walpole,dwalpolerg@vk.com,Female,95.176.152.191
990,Rice,Brilon,rbrilonrh@acquirethisname.com,Male,232.225.226.21
991,Eva,Gludor,egludorri@yahoo.com,Female,228.101.177.200
992,Berget,Steers,bsteersrj@ucsd.edu,Female,74.159.25.207
993,Madonna,Duckhouse,mduckhouserk@blogger.com,Female,252.187.18.225
994,Leora,Fannin,lfanninrl@godaddy.com,Female,39.46.117.134
995,Bethanne,Gainsford,bgainsfordrm@moonfruit.com,Female,211.21.133.93
996,Collin,Dibsdale,cdibsdalern@mit.edu,Male,95.101.52.152
997,Veradis,Spurman,vspurmanro@ucoz.ru,Female,119.225.246.209
998,Shandra,Berni,sbernirp@wp.com,Female,92.36.154.99
999,Ailina,Cade,acaderq@blogspot.com,Female,175.18.210.183
1000,Dannel,Culshaw,dculshawrr@drupal.org,Male,98.97.94.62
